Workbook
Name Ставка: 1/5
Name Суммы: Данные!$C$2:$C$11

Sheet Данные
A1: Имя | B1: Отдел | C1: Сумма | D1: Дата | E1: Кол | F1: Флаг | G1: Смесь | H1: Текст | J1: Отдел | K1: Сумма | L1: Отдел
A2: Иван | B2: Продажи | C2: 1500 | D2: 46037 | E2: 3 | F2: TRUE | G2: 5 | H2: Привет мир | J2: Склад | K2: >500 | L2: Продажи
A3: Пётр | B3: Склад | C3: 230.5 | D3: 46081 | E3: 1 | F3: FALSE | G3: 12 | H3: abc | L3: Склад
A4: Мария | B4: Продажи | C4: 980 | D4: 46022 | E4: 7 | F4: TRUE | H4: ABC-123
A5: Анна | B5: Бухгалтерия | C5: 4200 | D5: 46082 | E5: 2 | F5: FALSE | G5: TRUE | H5: Иванов Иван Иванович
A6: Олег | B6: Склад | C6: 0 | D6: 45351 | E6: 5 | F6: TRUE | G6: =NA() -> #N/A | H6: a,b,c
A7: Иван | B7: Продажи | C7: 15.25 | D7: 46203 | E7: 8 | F7: FALSE | G7: 3.5 | H7: Москва
A8: Мария | B8: Бухгалтерия | C8: 3100 | D8: 46305 | E8: 1 | F8: TRUE | G8: ="" | H8: Сумма: 100
A9: Пётр | B9: Склад | C9: -200 | D9: 44927 | E9: 4 | F9: FALSE | G9: -2 | H9: x
A10: Анна | B10: Продажи | C10: 760 | D10: 46381 | E10: 6 | F10: TRUE | G10: текст | H10: Test
A11: Ольга | B11: Склад | C11: 1200 | D11: 46151 | E11: 2 | F11: FALSE | G11: 0 | H11: тест

Sheet Кв1
A1: 10
B2: 1

Sheet Кв2
A1: 20
B2: 2

Sheet Кв3
A1: 30
B2: 3

Sheet Формулы
A1: Группа | B1: Формула | C1: Excel
A2: Арифметика и операторы | B2: 1+2*3 | C2: =1+2*3 -> 7 | E2: =1+2*3
A3: Арифметика и операторы | B3: (1+2)*3 | C3: =(1+2)*3 -> 9 | E3: =(1+2)*3
A4: Арифметика и операторы | B4: 2^3^2 | C4: =2^3^2 -> 64 | E4: =2^3^2
A5: Арифметика и операторы | B5: -2^2 | C5: =-2^2 -> 4 | E5: =-2^2
A6: Арифметика и операторы | B6: 10/4 | C6: =10/4 -> 2.5 | E6: =10/4
A7: Арифметика и операторы | B7: 7/0 | C7: =7/0 -> #DIV/0! | E7: =7/0
A8: Арифметика и операторы | B8: 5% | C8: =5% -> 0.05 | E8: =5%
A9: Арифметика и операторы | B9: 50%*200 | C9: =50%*200 -> 100 | E9: =50%*200
A10: Арифметика и операторы | B10: "3"+4 | C10: ="3"+4 -> 7 | E10: ="3"+4
A11: Арифметика и операторы | B11: "abc"+1 | C11: ="abc"+1 -> #VALUE! | E11: ="abc"+1
A12: Арифметика и операторы | B12: "1,5"+1 | C12: ="1,5"+1 -> 2.5 | E12: ="1,5"+1
A13: Арифметика и операторы | B13: TRUE+TRUE | C13: =TRUE+TRUE -> 2 | E13: =ИСТИНА+ИСТИНА
A14: Арифметика и операторы | B14: 1=1 | C14: =1=1 -> TRUE | E14: =1=1
A15: Арифметика и операторы | B15: "a"="A" | C15: ="a"="A" -> TRUE | E15: ="a"="A"
A16: Арифметика и операторы | B16: "a"<"b" | C16: ="a"<"b" -> TRUE | E16: ="a"<"b"
A17: Арифметика и операторы | B17: "Б">"А" | C17: ="Б">"А" -> TRUE | E17: ="Б">"А"
A18: Арифметика и операторы | B18: 2<"1" | C18: =2<"1" -> TRUE | E18: =2<"1"
A19: Арифметика и операторы | B19: TRUE>1 | C19: =TRUE>1 -> TRUE | E19: =ИСТИНА>1
A20: Арифметика и операторы | B20: "x"&1.5 | C20: ="x"&1.5 -> x1,5 | E20: ="x"&1,5
A21: Арифметика и операторы | B21: 1&2 | C21: =1&2 -> 12 | E21: =1&2
A22: Арифметика и операторы | B22: ""&TRUE | C22: =""&TRUE -> ИСТИНА | E22: =""&ИСТИНА
A23: Арифметика и операторы | B23: 0.1+0.2 | C23: =0.1+0.2 -> 0.3 | E23: =0,1+0,2
A24: Арифметика и операторы | B24: 0.1+0.2=0.3 | C24: =0.1+0.2=0.3 -> TRUE | E24: =0,1+0,2=0,3
A25: Арифметика и операторы | B25: 1/3*3 | C25: =1/3*3 -> 1 | E25: =1/3*3
A26: Арифметика и операторы | B26: 10^-3 | C26: =10^-3 -> 0.001 | E26: =10^-3
A27: Арифметика и операторы | B27: 1E+3 | C27: =1000 -> 1000 | E27: =1000
A28: Арифметика и операторы | B28: 123456789012345678 | C28: =123456789012345000 -> 1.2345679e+17 | E28: =123456789012345000
A29: Арифметика и операторы | B29: 1/3 | C29: =1/3 -> 0.33333333 | E29: =1/3
A30: Арифметика и операторы | B30: 2/3+1000000 | C30: =2/3+1000000 -> 1000000.7 | E30: =2/3+1000000
A31: Арифметика и операторы | B31: Данные!C2+Данные!C3 | C31: =Данные!C2+Данные!C3 -> 1730.5 | E31: =Данные!C2+Данные!C3
A32: Арифметика и операторы | B32: Данные!G4+1 | C32: =Данные!G4+1 -> 1 | E32: =Данные!G4+1
A33: Арифметика и операторы | B33: Данные!G4&"x" | C33: =Данные!G4&"x" -> x | E33: =Данные!G4&"x"
A34: Арифметика и операторы | B34: Данные!G3*2 | C34: =Данные!G3*2 -> 24 | E34: =Данные!G3*2
A35: Арифметика и операторы | B35: Данные!G8+1 | C35: =Данные!G8+1 -> #VALUE! | E35: =Данные!G8+1
A36: Арифметика и операторы | B36: Данные!G6+1 | C36: =Данные!G6+1 -> #N/A | E36: =Данные!G6+1
A37: Математика | B37: SUM(Данные!C2:C11) | C37: =SUM(Данные!C2:C11) -> 11785.75 | E37: =СУММ(Данные!C2:C11)
A38: Математика | B38: SUM(Данные!G2:G11) | C38: =SUM(Данные!G2:G11) -> #N/A | E38: =СУММ(Данные!G2:G11)
A39: Математика | B39: SUM(1,"2",TRUE) | C39: =SUM(1,"2",TRUE) -> 4 | E39: =СУММ(1;"2";ИСТИНА)
A40: Математика | B40: SUM(Данные!C2:C11,100) | C40: =SUM(Данные!C2:C11,100) -> 11885.75 | E40: =СУММ(Данные!C2:C11;100)
A41: Математика | B41: PRODUCT(Данные!E2:E6) | C41: =PRODUCT(Данные!E2:E6) -> 210 | E41: =ПРОИЗВЕД(Данные!E2:E6)
A42: Математика | B42: AVERAGE(Данные!C2:C11) | C42: =AVERAGE(Данные!C2:C11) -> 1178.575 | E42: =СРЗНАЧ(Данные!C2:C11)
A43: Математика | B43: AVERAGE(Данные!G2:G11) | C43: =AVERAGE(Данные!G2:G11) -> #N/A | E43: =СРЗНАЧ(Данные!G2:G11)
A44: Математика | B44: MIN(Данные!C2:C11) | C44: =MIN(Данные!C2:C11) -> -200 | E44: =МИН(Данные!C2:C11)
A45: Математика | B45: MAX(Данные!C2:C11) | C45: =MAX(Данные!C2:C11) -> 4200 | E45: =МАКС(Данные!C2:C11)
A46: Математика | B46: MEDIAN(Данные!C2:C11) | C46: =MEDIAN(Данные!C2:C11) -> 870 | E46: =МЕДИАНА(Данные!C2:C11)
A47: Математика | B47: ABS(-3.5) | C47: =ABS(-3.5) -> 3.5 | E47: =ABS(-3,5)
A48: Математика | B48: SIGN(-0.1) | C48: =SIGN(-0.1) -> -1 | E48: =ЗНАК(-0,1)
A49: Математика | B49: INT(-2.5) | C49: =INT(-2.5) -> -3 | E49: =ЦЕЛОЕ(-2,5)
A50: Математика | B50: INT(2.5) | C50: =INT(2.5) -> 2 | E50: =ЦЕЛОЕ(2,5)
A51: Математика | B51: SQRT(16) | C51: =SQRT(16) -> 4 | E51: =КОРЕНЬ(16)
A52: Математика | B52: SQRT(-1) | C52: =SQRT(-1) -> #NUM! | E52: =КОРЕНЬ(-1)
A53: Математика | B53: PI() | C53: =PI() -> 3.1415927 | E53: =ПИ()
A54: Математика | B54: POWER(2,10) | C54: =POWER(2,10) -> 1024 | E54: =СТЕПЕНЬ(2;10)
A55: Математика | B55: MOD(10,3) | C55: =MOD(10,3) -> 1 | E55: =ОСТАТ(10;3)
A56: Математика | B56: MOD(-10,3) | C56: =MOD(-10,3) -> 2 | E56: =ОСТАТ(-10;3)
A57: Математика | B57: MOD(10,-3) | C57: =MOD(10,-3) -> -2 | E57: =ОСТАТ(10;-3)
A58: Математика | B58: MOD(5,0) | C58: =MOD(5,0) -> #DIV/0! | E58: =ОСТАТ(5;0)
A59: Математика | B59: ROUND(2.345,2) | C59: =ROUND(2.345,2) -> 2.35 | E59: =ОКРУГЛ(2,345;2)
A60: Математика | B60: ROUND(2.5,0) | C60: =ROUND(2.5,0) -> 3 | E60: =ОКРУГЛ(2,5;0)
A61: Математика | B61: ROUND(-2.5,0) | C61: =ROUND(-2.5,0) -> -3 | E61: =ОКРУГЛ(-2,5;0)
A62: Математика | B62: ROUND(1234.5678,-2) | C62: =ROUND(1234.5678,-2) -> 1200 | E62: =ОКРУГЛ(1234,5678;-2)
A63: Математика | B63: ROUND(0.285,2) | C63: =ROUND(0.285,2) -> 0.29 | E63: =ОКРУГЛ(0,285;2)
A64: Математика | B64: ROUNDUP(2.341,2) | C64: =ROUNDUP(2.341,2) -> 2.35 | E64: =ОКРУГЛВВЕРХ(2,341;2)
A65: Математика | B65: ROUNDUP(-2.341,1) | C65: =ROUNDUP(-2.341,1) -> -2.4 | E65: =ОКРУГЛВВЕРХ(-2,341;1)
A66: Математика | B66: ROUNDDOWN(2.349,2) | C66: =ROUNDDOWN(2.349,2) -> 2.34 | E66: =ОКРУГЛВНИЗ(2,349;2)
A67: Математика | B67: MROUND(10,3) | C67: =MROUND(10,3) -> 9 | E67: =ОКРУГЛТ(10;3)
A68: Математика | B68: MROUND(-10,-3) | C68: =MROUND(-10,-3) -> -9 | E68: =ОКРУГЛТ(-10;-3)
A69: Математика | B69: CEILING(2.1,1) | C69: =CEILING(2.1,1) -> 3 | E69: =ОКРВВЕРХ(2,1;1)
A70: Математика | B70: CEILING(-2.1,-1) | C70: =CEILING(-2.1,-1) -> -3 | E70: =ОКРВВЕРХ(-2,1;-1)
A71: Математика | B71: CEILING.MATH(-2.1) | C71: =_xlfn.CEILING.MATH(-2.1) -> -2 | E71: =ОКРВВЕРХ.МАТ(-2,1)
A72: Математика | B72: FLOOR(2.9,1) | C72: =FLOOR(2.9,1) -> 2 | E72: =ОКРВНИЗ(2,9;1)
A73: Математика | B73: FLOOR.MATH(-2.1) | C73: =_xlfn.FLOOR.MATH(-2.1) -> -3 | E73: =ОКРВНИЗ.МАТ(-2,1)
A74: Математика | B74: TRUNC(-8.9) | C74: =TRUNC(-8.9) -> -8 | E74: =ОТБР(-8,9)
A75: Математика | B75: TRUNC(3.14159,2) | C75: =TRUNC(3.14159,2) -> 3.14 | E75: =ОТБР(3,14159;2)
A76: Математика | B76: EVEN(3) | C76: =EVEN(3) -> 4 | E76: =ЧЁТН(3)
A77: Математика | B77: ODD(4) | C77: =ODD(4) -> 5 | E77: =НЕЧЁТ(4)
A78: Математика | B78: EXP(1) | C78: =EXP(1) -> 2.7182818 | E78: =EXP(1)
A79: Математика | B79: LN(10) | C79: =LN(10) -> 2.3025851 | E79: =LN(10)
A80: Математика | B80: LOG(100) | C80: =LOG(100) -> 2 | E80: =LOG(100)
A81: Математика | B81: LOG(8,2) | C81: =LOG(8,2) -> 3 | E81: =LOG(8;2)
A82: Математика | B82: LOG10(1000) | C82: =LOG10(1000) -> 3 | E82: =LOG10(1000)
A83: Математика | B83: FACT(5) | C83: =FACT(5) -> 120 | E83: =ФАКТР(5)
A84: Математика | B84: GCD(12,18) | C84: =GCD(12,18) -> 6 | E84: =НОД(12;18)
A85: Математика | B85: LCM(4,6) | C85: =LCM(4,6) -> 12 | E85: =НОК(4;6)
A86: Математика | B86: QUOTIENT(7,2) | C86: =QUOTIENT(7,2) -> 3 | E86: =ЧАСТНОЕ(7;2)
A87: Математика | B87: SIN(PI()/2) | C87: =SIN(PI()/2) -> 1 | E87: =SIN(ПИ()/2)
A88: Математика | B88: COS(0) | C88: =COS(0) -> 1 | E88: =COS(0)
A89: Математика | B89: TAN(PI()/4) | C89: =TAN(PI()/4) -> 1 | E89: =TAN(ПИ()/4)
A90: Математика | B90: ATAN2(1,1) | C90: =ATAN2(1,1) -> 0.78539816 | E90: =ATAN2(1;1)
A91: Математика | B91: DEGREES(PI()) | C91: =DEGREES(PI()) -> 180 | E91: =ГРАДУСЫ(ПИ())
A92: Математика | B92: RADIANS(180) | C92: =RADIANS(180) -> 3.1415927 | E92: =РАДИАНЫ(180)
A93: Математика | B93: ROMAN(1994) | C93: =ROMAN(1994) -> MCMXCIV | E93: =РИМСКОЕ(1994)
A94: Математика | B94: ARABIC("MCMXCIV") | C94: =_xlfn.ARABIC("MCMXCIV") -> 1994 | E94: =АРАБСКОЕ("MCMXCIV")
A95: Математика | B95: SUMSQ(1,2,3) | C95: =SUMSQ(1,2,3) -> 14 | E95: =СУММКВ(1;2;3)
A96: Математика | B96: COMBIN(5,2) | C96: =COMBIN(5,2) -> 10 | E96: =ЧИСЛКОМБ(5;2)
A97: Математика | B97: PERMUT(5,2) | C97: =PERMUT(5,2) -> 20 | E97: =ПЕРЕСТ(5;2)
A98: Математика | B98: BASE(255,16) | C98: =_xlfn.BASE(255,16) -> FF | E98: =ОСНОВАНИЕ(255;16)
A99: Математика | B99: DECIMAL("FF",16) | C99: =_xlfn.DECIMAL("FF",16) -> 255 | E99: =ДЕС("FF";16)
A100: Математика | B100: SUM(Данные!C:C) | C100: =SUM(Данные!C:C) -> 11785.75 | E100: =СУММ(Данные!C:C)
...
